series,category,prodInfo,character,inSignal,inFrequency,inStandard,inPort,outSignal,outFrequency,outStandard,outPort,power,pd,ctrlMethod,ipc,ppc,wholeDay,define,scp,remote
混合矩阵,16系列,利国电子32系列混合矩阵 ，具有32 路进32路出和插卡式结构，每卡4路。超高稳定性。最低配置4 ×4 ；最高配置32 ×32 ，多种控制方式： 面板控制、 RS232 、网络/RJ-45 。,支持断电现场保护-双电源均流备份-支持RS232远程控制-支持设备温度、电源监视功能-支持32路DVI输入和32路DVI输出-支持用于预监的一路DVI输出端口-支持基于TCP/IP协议的网络远程控制-支持负载监测，能实时监测和显示输出通道是否连接有负载-支持输入信号监测，能实时监测和显示当前各输入通道是否有信号接入-可以通过任意输出口把后级设备的EDID参数复制到任意输入口，也可把任意输入口设置为默认的EDID参数,480p、576P、720P、1080i、1080P、1920*1200、1600*1200,24MHz ～ 225MHz,满足DVI1.0,DVI-D接口,480p、576P、720P、1080i、1080P、1920*1200、1600*1200,24MHz ～ 225MHz,满足DVI1.0,DVI-D接口,180～245V 50Hz,小于40W,面板/RS-232，网络/RJ-45,支持,支持,支持,支持,支持,支持
混合矩阵,32系列,利国电子32系列混合矩阵 ，具有32 路进32路出和插卡式结构，每卡4路。超高稳定性。最低配置4 ×4 ；最高配置32 ×32 ，多种控制方式： 面板控制、 RS232 、网络/RJ-46 。,支持断电现场保护-双电源均流备份-支持RS232远程控制-支持设备温度、电源监视功能-支持32路DVI输入和33路DVI输出-支持用于预监的一路DVI输出端口-支持基于TCP/IP协议的网络远程控制-支持负载监测，能实时监测和显示输出通道是否连接有负载-支持输入信号监测，能实时监测和显示当前各输入通道是否有信号接入-可以通过任意输出口把后级设备的EDID参数复制到任意输入口，也可把任意输入口设置为默认的EDID参数,480p、576P、720P、1080i、1080P、1920*1200、1600*1201,24MHz ～ 226MHz,满足DVI1.1,DVI-D接口,480p、576P、720P、1080i、1080P、1920*1200、1600*1201,24MHz ～ 226MHz,满足DVI1.1,DVI-D接口,180～245V 51Hz,小于41W,面板/RS-232，网络/RJ-46,支持,支持,支持,支持,支持,支持
混合矩阵,64系列,利国电子32系列混合矩阵 ，具有32 路进32路出和插卡式结构，每卡4路。超高稳定性。最低配置4 ×4 ；最高配置32 ×32 ，多种控制方式： 面板控制、 RS232 、网络/RJ-47 。,支持断电现场保护-双电源均流备份-支持RS232远程控制-支持设备温度、电源监视功能-支持32路DVI输入和34路DVI输出-支持用于预监的一路DVI输出端口-支持基于TCP/IP协议的网络远程控制-支持负载监测，能实时监测和显示输出通道是否连接有负载-支持输入信号监测，能实时监测和显示当前各输入通道是否有信号接入-可以通过任意输出口把后级设备的EDID参数复制到任意输入口，也可把任意输入口设置为默认的EDID参数,480p、576P、720P、1080i、1080P、1920*1200、1600*1202,24MHz ～ 227MHz,满足DVI1.2,DVI-D接口,480p、576P、720P、1080i、1080P、1920*1200、1600*1202,24MHz ～ 227MHz,满足DVI1.2,DVI-D接口,180～245V 52Hz,小于42W,面板/RS-232，网络/RJ-47,支持,支持,支持,支持,支持,支持
矩阵,HDMI 4K,利国电子32系列混合矩阵 ，具有32 路进32路出和插卡式结构，每卡4路。超高稳定性。最低配置4 ×4 ；最高配置32 ×32 ，多种控制方式： 面板控制、 RS232 、网络/RJ-48 。,支持断电现场保护-双电源均流备份-支持RS232远程控制-支持设备温度、电源监视功能-支持32路DVI输入和35路DVI输出-支持用于预监的一路DVI输出端口-支持基于TCP/IP协议的网络远程控制-支持负载监测，能实时监测和显示输出通道是否连接有负载-支持输入信号监测，能实时监测和显示当前各输入通道是否有信号接入-可以通过任意输出口把后级设备的EDID参数复制到任意输入口，也可把任意输入口设置为默认的EDID参数,480p、576P、720P、1080i、1080P、1920*1200、1600*1203,24MHz ～ 228MHz,满足DVI1.3,DVI-D接口,480p、576P、720P、1080i、1080P、1920*1200、1600*1203,24MHz ～ 228MHz,满足DVI1.3,DVI-D接口,180～245V 53Hz,小于43W,面板/RS-232，网络/RJ-48,支持,支持,支持,支持,支持,支持
矩阵,HDMI,利国电子32系列混合矩阵 ，具有32 路进32路出和插卡式结构，每卡4路。超高稳定性。最低配置4 ×4 ；最高配置32 ×32 ，多种控制方式： 面板控制、 RS232 、网络/RJ-49 。,支持断电现场保护-双电源均流备份-支持RS232远程控制-支持设备温度、电源监视功能-支持32路DVI输入和36路DVI输出-支持用于预监的一路DVI输出端口-支持基于TCP/IP协议的网络远程控制-支持负载监测，能实时监测和显示输出通道是否连接有负载-支持输入信号监测，能实时监测和显示当前各输入通道是否有信号接入-可以通过任意输出口把后级设备的EDID参数复制到任意输入口，也可把任意输入口设置为默认的EDID参数,480p、576P、720P、1080i、1080P、1920*1200、1600*1204,24MHz ～ 229MHz,满足DVI1.4,DVI-D接口,480p、576P、720P、1080i、1080P、1920*1200、1600*1204,24MHz ～ 229MHz,满足DVI1.4,DVI-D接口,180～245V 54Hz,小于44W,面板/RS-232，网络/RJ-49,支持,支持,支持,支持,支持,支持
矩阵,3G-SDI,利国电子32系列混合矩阵 ，具有32 路进32路出和插卡式结构，每卡4路。超高稳定性。最低配置4 ×4 ；最高配置32 ×32 ，多种控制方式： 面板控制、 RS232 、网络/RJ-50 。,支持断电现场保护-双电源均流备份-支持RS232远程控制-支持设备温度、电源监视功能-支持32路DVI输入和37路DVI输出-支持用于预监的一路DVI输出端口-支持基于TCP/IP协议的网络远程控制-支持负载监测，能实时监测和显示输出通道是否连接有负载-支持输入信号监测，能实时监测和显示当前各输入通道是否有信号接入-可以通过任意输出口把后级设备的EDID参数复制到任意输入口，也可把任意输入口设置为默认的EDID参数,480p、576P、720P、1080i、1080P、1920*1200、1600*1205,24MHz ～ 230MHz,满足DVI1.5,DVI-D接口,480p、576P、720P、1080i、1080P、1920*1200、1600*1205,24MHz ～ 230MHz,满足DVI1.5,DVI-D接口,180～245V 55Hz,小于45W,面板/RS-232，网络/RJ-50,支持,支持,支持,支持,支持,支持
矩阵,DVI,利国电子32系列混合矩阵 ，具有32 路进32路出和插卡式结构，每卡4路。超高稳定性。最低配置4 ×4 ；最高配置32 ×32 ，多种控制方式： 面板控制、 RS232 、网络/RJ-51 。,支持断电现场保护-双电源均流备份-支持RS232远程控制-支持设备温度、电源监视功能-支持32路DVI输入和38路DVI输出-支持用于预监的一路DVI输出端口-支持基于TCP/IP协议的网络远程控制-支持负载监测，能实时监测和显示输出通道是否连接有负载-支持输入信号监测，能实时监测和显示当前各输入通道是否有信号接入-可以通过任意输出口把后级设备的EDID参数复制到任意输入口，也可把任意输入口设置为默认的EDID参数,480p、576P、720P、1080i、1080P、1920*1200、1600*1206,24MHz ～ 231MHz,满足DVI1.6,DVI-D接口,480p、576P、720P、1080i、1080P、1920*1200、1600*1206,24MHz ～ 231MHz,满足DVI1.6,DVI-D接口,180～245V 56Hz,小于46W,面板/RS-232，网络/RJ-51,支持,支持,支持,支持,支持,支持
矩阵,VGA,利国电子32系列混合矩阵 ，具有32 路进32路出和插卡式结构，每卡4路。超高稳定性。最低配置4 ×4 ；最高配置32 ×32 ，多种控制方式： 面板控制、 RS232 、网络/RJ-52 。,支持断电现场保护-双电源均流备份-支持RS232远程控制-支持设备温度、电源监视功能-支持32路DVI输入和39路DVI输出-支持用于预监的一路DVI输出端口-支持基于TCP/IP协议的网络远程控制-支持负载监测，能实时监测和显示输出通道是否连接有负载-支持输入信号监测，能实时监测和显示当前各输入通道是否有信号接入-可以通过任意输出口把后级设备的EDID参数复制到任意输入口，也可把任意输入口设置为默认的EDID参数,480p、576P、720P、1080i、1080P、1920*1200、1600*1207,24MHz ～ 232MHz,满足DVI1.7,DVI-D接口,480p、576P、720P、1080i、1080P、1920*1200、1600*1207,24MHz ～ 232MHz,满足DVI1.7,DVI-D接口,180～245V 57Hz,小于47W,面板/RS-232，网络/RJ-52,支持,支持,支持,支持,支持,支持
矩阵,RGB,利国电子32系列混合矩阵 ，具有32 路进32路出和插卡式结构，每卡4路。超高稳定性。最低配置4 ×4 ；最高配置32 ×32 ，多种控制方式： 面板控制、 RS232 、网络/RJ-53 。,支持断电现场保护-双电源均流备份-支持RS232远程控制-支持设备温度、电源监视功能-支持32路DVI输入和40路DVI输出-支持用于预监的一路DVI输出端口-支持基于TCP/IP协议的网络远程控制-支持负载监测，能实时监测和显示输出通道是否连接有负载-支持输入信号监测，能实时监测和显示当前各输入通道是否有信号接入-可以通过任意输出口把后级设备的EDID参数复制到任意输入口，也可把任意输入口设置为默认的EDID参数,480p、576P、720P、1080i、1080P、1920*1200、1600*1208,24MHz ～ 233MHz,满足DVI1.8,DVI-D接口,480p、576P、720P、1080i、1080P、1920*1200、1600*1208,24MHz ～ 233MHz,满足DVI1.8,DVI-D接口,180～245V 58Hz,小于48W,面板/RS-232，网络/RJ-53,支持,支持,支持,支持,支持,支持
矩阵,AV,利国电子32系列混合矩阵 ，具有32 路进32路出和插卡式结构，每卡4路。超高稳定性。最低配置4 ×4 ；最高配置32 ×32 ，多种控制方式： 面板控制、 RS232 、网络/RJ-54 。,支持断电现场保护-双电源均流备份-支持RS232远程控制-支持设备温度、电源监视功能-支持32路DVI输入和41路DVI输出-支持用于预监的一路DVI输出端口-支持基于TCP/IP协议的网络远程控制-支持负载监测，能实时监测和显示输出通道是否连接有负载-支持输入信号监测，能实时监测和显示当前各输入通道是否有信号接入-可以通过任意输出口把后级设备的EDID参数复制到任意输入口，也可把任意输入口设置为默认的EDID参数,480p、576P、720P、1080i、1080P、1920*1200、1600*1209,24MHz ～ 234MHz,满足DVI1.9,DVI-D接口,480p、576P、720P、1080i、1080P、1920*1200、1600*1209,24MHz ～ 234MHz,满足DVI1.9,DVI-D接口,180～245V 59Hz,小于49W,面板/RS-232，网络/RJ-54,支持,支持,支持,支持,支持,支持
切换器,HDMI 4K,利国电子32系列混合矩阵 ，具有32 路进32路出和插卡式结构，每卡4路。超高稳定性。最低配置4 ×4 ；最高配置32 ×32 ，多种控制方式： 面板控制、 RS232 、网络/RJ-55 。,支持断电现场保护-双电源均流备份-支持RS232远程控制-支持设备温度、电源监视功能-支持32路DVI输入和42路DVI输出-支持用于预监的一路DVI输出端口-支持基于TCP/IP协议的网络远程控制-支持负载监测，能实时监测和显示输出通道是否连接有负载-支持输入信号监测，能实时监测和显示当前各输入通道是否有信号接入-可以通过任意输出口把后级设备的EDID参数复制到任意输入口，也可把任意输入口设置为默认的EDID参数,480p、576P、720P、1080i、1080P、1920*1200、1600*1210,24MHz ～ 235MHz,满足DVI1.10,DVI-D接口,480p、576P、720P、1080i、1080P、1920*1200、1600*1210,24MHz ～ 235MHz,满足DVI1.10,DVI-D接口,180～245V 60Hz,小于50W,面板/RS-232，网络/RJ-55,支持,支持,支持,支持,支持,支持
切换器,HDMI,利国电子32系列混合矩阵 ，具有32 路进32路出和插卡式结构，每卡4路。超高稳定性。最低配置4 ×4 ；最高配置32 ×32 ，多种控制方式： 面板控制、 RS232 、网络/RJ-56 。,支持断电现场保护-双电源均流备份-支持RS232远程控制-支持设备温度、电源监视功能-支持32路DVI输入和43路DVI输出-支持用于预监的一路DVI输出端口-支持基于TCP/IP协议的网络远程控制-支持负载监测，能实时监测和显示输出通道是否连接有负载-支持输入信号监测，能实时监测和显示当前各输入通道是否有信号接入-可以通过任意输出口把后级设备的EDID参数复制到任意输入口，也可把任意输入口设置为默认的EDID参数,480p、576P、720P、1080i、1080P、1920*1200、1600*1211,24MHz ～ 236MHz,满足DVI1.11,DVI-D接口,480p、576P、720P、1080i、1080P、1920*1200、1600*1211,24MHz ～ 236MHz,满足DVI1.11,DVI-D接口,180～245V 61Hz,小于51W,面板/RS-232，网络/RJ-56,支持,支持,支持,支持,支持,支持
切换器,3G-SDI,利国电子32系列混合矩阵 ，具有32 路进32路出和插卡式结构，每卡4路。超高稳定性。最低配置4 ×4 ；最高配置32 ×32 ，多种控制方式： 面板控制、 RS232 、网络/RJ-57 。,支持断电现场保护-双电源均流备份-支持RS232远程控制-支持设备温度、电源监视功能-支持32路DVI输入和44路DVI输出-支持用于预监的一路DVI输出端口-支持基于TCP/IP协议的网络远程控制-支持负载监测，能实时监测和显示输出通道是否连接有负载-支持输入信号监测，能实时监测和显示当前各输入通道是否有信号接入-可以通过任意输出口把后级设备的EDID参数复制到任意输入口，也可把任意输入口设置为默认的EDID参数,480p、576P、720P、1080i、1080P、1920*1200、1600*1212,24MHz ～ 237MHz,满足DVI1.12,DVI-D接口,480p、576P、720P、1080i、1080P、1920*1200、1600*1212,24MHz ～ 237MHz,满足DVI1.12,DVI-D接口,180～245V 62Hz,小于52W,面板/RS-232，网络/RJ-57,支持,支持,支持,支持,支持,支持
切换器,DVI,利国电子32系列混合矩阵 ，具有32 路进32路出和插卡式结构，每卡4路。超高稳定性。最低配置4 ×4 ；最高配置32 ×32 ，多种控制方式： 面板控制、 RS232 、网络/RJ-58 。,支持断电现场保护-双电源均流备份-支持RS232远程控制-支持设备温度、电源监视功能-支持32路DVI输入和45路DVI输出-支持用于预监的一路DVI输出端口-支持基于TCP/IP协议的网络远程控制-支持负载监测，能实时监测和显示输出通道是否连接有负载-支持输入信号监测，能实时监测和显示当前各输入通道是否有信号接入-可以通过任意输出口把后级设备的EDID参数复制到任意输入口，也可把任意输入口设置为默认的EDID参数,480p、576P、720P、1080i、1080P、1920*1200、1600*1213,24MHz ～ 238MHz,满足DVI1.13,DVI-D接口,480p、576P、720P、1080i、1080P、1920*1200、1600*1213,24MHz ～ 238MHz,满足DVI1.13,DVI-D接口,180～245V 63Hz,小于53W,面板/RS-232，网络/RJ-58,支持,支持,支持,支持,支持,支持
切换器,VGA,利国电子32系列混合矩阵 ，具有32 路进32路出和插卡式结构，每卡4路。超高稳定性。最低配置4 ×4 ；最高配置32 ×32 ，多种控制方式： 面板控制、 RS232 、网络/RJ-59 。,支持断电现场保护-双电源均流备份-支持RS232远程控制-支持设备温度、电源监视功能-支持32路DVI输入和46路DVI输出-支持用于预监的一路DVI输出端口-支持基于TCP/IP协议的网络远程控制-支持负载监测，能实时监测和显示输出通道是否连接有负载-支持输入信号监测，能实时监测和显示当前各输入通道是否有信号接入-可以通过任意输出口把后级设备的EDID参数复制到任意输入口，也可把任意输入口设置为默认的EDID参数,480p、576P、720P、1080i、1080P、1920*1200、1600*1214,24MHz ～ 239MHz,满足DVI1.14,DVI-D接口,480p、576P、720P、1080i、1080P、1920*1200、1600*1214,24MHz ～ 239MHz,满足DVI1.14,DVI-D接口,180～245V 64Hz,小于54W,面板/RS-232，网络/RJ-59,支持,支持,支持,支持,支持,支持
切换器,RGB,利国电子32系列混合矩阵 ，具有32 路进32路出和插卡式结构，每卡4路。超高稳定性。最低配置4 ×4 ；最高配置32 ×32 ，多种控制方式： 面板控制、 RS232 、网络/RJ-60 。,支持断电现场保护-双电源均流备份-支持RS232远程控制-支持设备温度、电源监视功能-支持32路DVI输入和47路DVI输出-支持用于预监的一路DVI输出端口-支持基于TCP/IP协议的网络远程控制-支持负载监测，能实时监测和显示输出通道是否连接有负载-支持输入信号监测，能实时监测和显示当前各输入通道是否有信号接入-可以通过任意输出口把后级设备的EDID参数复制到任意输入口，也可把任意输入口设置为默认的EDID参数,480p、576P、720P、1080i、1080P、1920*1200、1600*1215,24MHz ～ 240MHz,满足DVI1.15,DVI-D接口,480p、576P、720P、1080i、1080P、1920*1200、1600*1215,24MHz ～ 240MHz,满足DVI1.15,DVI-D接口,180～245V 65Hz,小于55W,面板/RS-232，网络/RJ-60,支持,支持,支持,支持,支持,支持
切换器,AV,利国电子32系列混合矩阵 ，具有32 路进32路出和插卡式结构，每卡4路。超高稳定性。最低配置4 ×4 ；最高配置32 ×32 ，多种控制方式： 面板控制、 RS232 、网络/RJ-61 。,支持断电现场保护-双电源均流备份-支持RS232远程控制-支持设备温度、电源监视功能-支持32路DVI输入和48路DVI输出-支持用于预监的一路DVI输出端口-支持基于TCP/IP协议的网络远程控制-支持负载监测，能实时监测和显示输出通道是否连接有负载-支持输入信号监测，能实时监测和显示当前各输入通道是否有信号接入-可以通过任意输出口把后级设备的EDID参数复制到任意输入口，也可把任意输入口设置为默认的EDID参数,480p、576P、720P、1080i、1080P、1920*1200、1600*1216,24MHz ～ 241MHz,满足DVI1.16,DVI-D接口,480p、576P、720P、1080i、1080P、1920*1200、1600*1216,24MHz ～ 241MHz,满足DVI1.16,DVI-D接口,180～245V 66Hz,小于56W,面板/RS-232，网络/RJ-61,支持,支持,支持,支持,支持,支持
分配器,HDMI 4K,利国电子32系列混合矩阵 ，具有32 路进32路出和插卡式结构，每卡4路。超高稳定性。最低配置4 ×4 ；最高配置32 ×32 ，多种控制方式： 面板控制、 RS232 、网络/RJ-62 。,支持断电现场保护-双电源均流备份-支持RS232远程控制-支持设备温度、电源监视功能-支持32路DVI输入和49路DVI输出-支持用于预监的一路DVI输出端口-支持基于TCP/IP协议的网络远程控制-支持负载监测，能实时监测和显示输出通道是否连接有负载-支持输入信号监测，能实时监测和显示当前各输入通道是否有信号接入-可以通过任意输出口把后级设备的EDID参数复制到任意输入口，也可把任意输入口设置为默认的EDID参数,480p、576P、720P、1080i、1080P、1920*1200、1600*1217,24MHz ～ 242MHz,满足DVI1.17,DVI-D接口,480p、576P、720P、1080i、1080P、1920*1200、1600*1217,24MHz ～ 242MHz,满足DVI1.17,DVI-D接口,180～245V 67Hz,小于57W,面板/RS-232，网络/RJ-62,支持,支持,支持,支持,支持,支持
分配器,HDMI,利国电子32系列混合矩阵 ，具有32 路进32路出和插卡式结构，每卡4路。超高稳定性。最低配置4 ×4 ；最高配置32 ×32 ，多种控制方式： 面板控制、 RS232 、网络/RJ-63 。,支持断电现场保护-双电源均流备份-支持RS232远程控制-支持设备温度、电源监视功能-支持32路DVI输入和50路DVI输出-支持用于预监的一路DVI输出端口-支持基于TCP/IP协议的网络远程控制-支持负载监测，能实时监测和显示输出通道是否连接有负载-支持输入信号监测，能实时监测和显示当前各输入通道是否有信号接入-可以通过任意输出口把后级设备的EDID参数复制到任意输入口，也可把任意输入口设置为默认的EDID参数,480p、576P、720P、1080i、1080P、1920*1200、1600*1218,24MHz ～ 243MHz,满足DVI1.18,DVI-D接口,480p、576P、720P、1080i、1080P、1920*1200、1600*1218,24MHz ～ 243MHz,满足DVI1.18,DVI-D接口,180～245V 68Hz,小于58W,面板/RS-232，网络/RJ-63,支持,支持,支持,支持,支持,支持
分配器,3G-SDI,利国电子32系列混合矩阵 ，具有32 路进32路出和插卡式结构，每卡4路。超高稳定性。最低配置4 ×4 ；最高配置32 ×32 ，多种控制方式： 面板控制、 RS232 、网络/RJ-64 。,支持断电现场保护-双电源均流备份-支持RS232远程控制-支持设备温度、电源监视功能-支持32路DVI输入和51路DVI输出-支持用于预监的一路DVI输出端口-支持基于TCP/IP协议的网络远程控制-支持负载监测，能实时监测和显示输出通道是否连接有负载-支持输入信号监测，能实时监测和显示当前各输入通道是否有信号接入-可以通过任意输出口把后级设备的EDID参数复制到任意输入口，也可把任意输入口设置为默认的EDID参数,480p、576P、720P、1080i、1080P、1920*1200、1600*1219,24MHz ～ 244MHz,满足DVI1.19,DVI-D接口,480p、576P、720P、1080i、1080P、1920*1200、1600*1219,24MHz ～ 244MHz,满足DVI1.19,DVI-D接口,180～245V 69Hz,小于59W,面板/RS-232，网络/RJ-64,支持,支持,支持,支持,支持,支持
分配器,DVI,利国电子32系列混合矩阵 ，具有32 路进32路出和插卡式结构，每卡4路。超高稳定性。最低配置4 ×4 ；最高配置32 ×32 ，多种控制方式： 面板控制、 RS232 、网络/RJ-65 。,支持断电现场保护-双电源均流备份-支持RS232远程控制-支持设备温度、电源监视功能-支持32路DVI输入和52路DVI输出-支持用于预监的一路DVI输出端口-支持基于TCP/IP协议的网络远程控制-支持负载监测，能实时监测和显示输出通道是否连接有负载-支持输入信号监测，能实时监测和显示当前各输入通道是否有信号接入-可以通过任意输出口把后级设备的EDID参数复制到任意输入口，也可把任意输入口设置为默认的EDID参数,480p、576P、720P、1080i、1080P、1920*1200、1600*1220,24MHz ～ 245MHz,满足DVI1.20,DVI-D接口,480p、576P、720P、1080i、1080P、1920*1200、1600*1220,24MHz ～ 245MHz,满足DVI1.20,DVI-D接口,180～245V 70Hz,小于60W,面板/RS-232，网络/RJ-65,支持,支持,支持,支持,支持,支持
分配器,VGA,利国电子32系列混合矩阵 ，具有32 路进32路出和插卡式结构，每卡4路。超高稳定性。最低配置4 ×4 ；最高配置32 ×32 ，多种控制方式： 面板控制、 RS232 、网络/RJ-66 。,支持断电现场保护-双电源均流备份-支持RS232远程控制-支持设备温度、电源监视功能-支持32路DVI输入和53路DVI输出-支持用于预监的一路DVI输出端口-支持基于TCP/IP协议的网络远程控制-支持负载监测，能实时监测和显示输出通道是否连接有负载-支持输入信号监测，能实时监测和显示当前各输入通道是否有信号接入-可以通过任意输出口把后级设备的EDID参数复制到任意输入口，也可把任意输入口设置为默认的EDID参数,480p、576P、720P、1080i、1080P、1920*1200、1600*1221,24MHz ～ 246MHz,满足DVI1.21,DVI-D接口,480p、576P、720P、1080i、1080P、1920*1200、1600*1221,24MHz ～ 246MHz,满足DVI1.21,DVI-D接口,180～245V 71Hz,小于61W,面板/RS-232，网络/RJ-66,支持,支持,支持,支持,支持,支持
分配器,RGB,利国电子32系列混合矩阵 ，具有32 路进32路出和插卡式结构，每卡4路。超高稳定性。最低配置4 ×4 ；最高配置32 ×32 ，多种控制方式： 面板控制、 RS232 、网络/RJ-67 。,支持断电现场保护-双电源均流备份-支持RS232远程控制-支持设备温度、电源监视功能-支持32路DVI输入和54路DVI输出-支持用于预监的一路DVI输出端口-支持基于TCP/IP协议的网络远程控制-支持负载监测，能实时监测和显示输出通道是否连接有负载-支持输入信号监测，能实时监测和显示当前各输入通道是否有信号接入-可以通过任意输出口把后级设备的EDID参数复制到任意输入口，也可把任意输入口设置为默认的EDID参数,480p、576P、720P、1080i、1080P、1920*1200、1600*1222,24MHz ～ 247MHz,满足DVI1.22,DVI-D接口,480p、576P、720P、1080i、1080P、1920*1200、1600*1222,24MHz ～ 247MHz,满足DVI1.22,DVI-D接口,180～245V 72Hz,小于62W,面板/RS-232，网络/RJ-67,支持,支持,支持,支持,支持,支持
分配器,AV,利国电子32系列混合矩阵 ，具有32 路进32路出和插卡式结构，每卡4路。超高稳定性。最低配置4 ×4 ；最高配置32 ×32 ，多种控制方式： 面板控制、 RS232 、网络/RJ-68 。,支持断电现场保护-双电源均流备份-支持RS232远程控制-支持设备温度、电源监视功能-支持32路DVI输入和55路DVI输出-支持用于预监的一路DVI输出端口-支持基于TCP/IP协议的网络远程控制-支持负载监测，能实时监测和显示输出通道是否连接有负载-支持输入信号监测，能实时监测和显示当前各输入通道是否有信号接入-可以通过任意输出口把后级设备的EDID参数复制到任意输入口，也可把任意输入口设置为默认的EDID参数,480p、576P、720P、1080i、1080P、1920*1200、1600*1223,24MHz ～ 248MHz,满足DVI1.23,DVI-D接口,480p、576P、720P、1080i、1080P、1920*1200、1600*1223,24MHz ～ 248MHz,满足DVI1.23,DVI-D接口,180～245V 73Hz,小于63W,面板/RS-232，网络/RJ-68,支持,支持,支持,支持,支持,支持
切换器,SDI HDMI,利国电子32系列混合矩阵 ，具有32 路进32路出和插卡式结构，每卡4路。超高稳定性。最低配置4 ×4 ；最高配置32 ×32 ，多种控制方式： 面板控制、 RS232 、网络/RJ-69 。,支持断电现场保护-双电源均流备份-支持RS232远程控制-支持设备温度、电源监视功能-支持32路DVI输入和56路DVI输出-支持用于预监的一路DVI输出端口-支持基于TCP/IP协议的网络远程控制-支持负载监测，能实时监测和显示输出通道是否连接有负载-支持输入信号监测，能实时监测和显示当前各输入通道是否有信号接入-可以通过任意输出口把后级设备的EDID参数复制到任意输入口，也可把任意输入口设置为默认的EDID参数,480p、576P、720P、1080i、1080P、1920*1200、1600*1224,24MHz ～ 249MHz,满足DVI1.24,DVI-D接口,480p、576P、720P、1080i、1080P、1920*1200、1600*1224,24MHz ～ 249MHz,满足DVI1.24,DVI-D接口,180～245V 74Hz,小于64W,面板/RS-232，网络/RJ-69,支持,支持,支持,支持,支持,支持
切换器,VGA DVI/HDMI,利国电子32系列混合矩阵 ，具有32 路进32路出和插卡式结构，每卡4路。超高稳定性。最低配置4 ×4 ；最高配置32 ×32 ，多种控制方式： 面板控制、 RS232 、网络/RJ-70 。,支持断电现场保护-双电源均流备份-支持RS232远程控制-支持设备温度、电源监视功能-支持32路DVI输入和57路DVI输出-支持用于预监的一路DVI输出端口-支持基于TCP/IP协议的网络远程控制-支持负载监测，能实时监测和显示输出通道是否连接有负载-支持输入信号监测，能实时监测和显示当前各输入通道是否有信号接入-可以通过任意输出口把后级设备的EDID参数复制到任意输入口，也可把任意输入口设置为默认的EDID参数,480p、576P、720P、1080i、1080P、1920*1200、1600*1225,24MHz ～ 250MHz,满足DVI1.25,DVI-D接口,480p、576P、720P、1080i、1080P、1920*1200、1600*1225,24MHz ～ 250MHz,满足DVI1.25,DVI-D接口,180～245V 75Hz,小于65W,面板/RS-232，网络/RJ-70,支持,支持,支持,支持,支持,支持
切换器,AV VGA,利国电子32系列混合矩阵 ，具有32 路进32路出和插卡式结构，每卡4路。超高稳定性。最低配置4 ×4 ；最高配置32 ×32 ，多种控制方式： 面板控制、 RS232 、网络/RJ-71 。,支持断电现场保护-双电源均流备份-支持RS232远程控制-支持设备温度、电源监视功能-支持32路DVI输入和58路DVI输出-支持用于预监的一路DVI输出端口-支持基于TCP/IP协议的网络远程控制-支持负载监测，能实时监测和显示输出通道是否连接有负载-支持输入信号监测，能实时监测和显示当前各输入通道是否有信号接入-可以通过任意输出口把后级设备的EDID参数复制到任意输入口，也可把任意输入口设置为默认的EDID参数,480p、576P、720P、1080i、1080P、1920*1200、1600*1226,24MHz ～ 251MHz,满足DVI1.26,DVI-D接口,480p、576P、720P、1080i、1080P、1920*1200、1600*1226,24MHz ～ 251MHz,满足DVI1.26,DVI-D接口,180～245V 76Hz,小于66W,面板/RS-232，网络/RJ-71,支持,支持,支持,支持,支持,支持
传输器,光纤传输,利国电子32系列混合矩阵 ，具有32 路进32路出和插卡式结构，每卡4路。超高稳定性。最低配置4 ×4 ；最高配置32 ×32 ，多种控制方式： 面板控制、 RS232 、网络/RJ-72 。,支持断电现场保护-双电源均流备份-支持RS232远程控制-支持设备温度、电源监视功能-支持32路DVI输入和59路DVI输出-支持用于预监的一路DVI输出端口-支持基于TCP/IP协议的网络远程控制-支持负载监测，能实时监测和显示输出通道是否连接有负载-支持输入信号监测，能实时监测和显示当前各输入通道是否有信号接入-可以通过任意输出口把后级设备的EDID参数复制到任意输入口，也可把任意输入口设置为默认的EDID参数,480p、576P、720P、1080i、1080P、1920*1200、1600*1227,24MHz ～ 252MHz,满足DVI1.27,DVI-D接口,480p、576P、720P、1080i、1080P、1920*1200、1600*1227,24MHz ～ 252MHz,满足DVI1.27,DVI-D接口,180～245V 77Hz,小于67W,面板/RS-232，网络/RJ-72,支持,支持,支持,支持,支持,支持
传输器,网线传输,利国电子32系列混合矩阵 ，具有32 路进32路出和插卡式结构，每卡4路。超高稳定性。最低配置4 ×4 ；最高配置32 ×32 ，多种控制方式： 面板控制、 RS232 、网络/RJ-73 。,支持断电现场保护-双电源均流备份-支持RS232远程控制-支持设备温度、电源监视功能-支持32路DVI输入和60路DVI输出-支持用于预监的一路DVI输出端口-支持基于TCP/IP协议的网络远程控制-支持负载监测，能实时监测和显示输出通道是否连接有负载-支持输入信号监测，能实时监测和显示当前各输入通道是否有信号接入-可以通过任意输出口把后级设备的EDID参数复制到任意输入口，也可把任意输入口设置为默认的EDID参数,480p、576P、720P、1080i、1080P、1920*1200、1600*1228,24MHz ～ 253MHz,满足DVI1.28,DVI-D接口,480p、576P、720P、1080i、1080P、1920*1200、1600*1228,24MHz ～ 253MHz,满足DVI1.28,DVI-D接口,180～245V 78Hz,小于68W,面板/RS-232，网络/RJ-73,支持,支持,支持,支持,支持,支持
其他,音频分离器,利国电子32系列混合矩阵 ，具有32 路进32路出和插卡式结构，每卡4路。超高稳定性。最低配置4 ×4 ；最高配置32 ×32 ，多种控制方式： 面板控制、 RS232 、网络/RJ-74 。,支持断电现场保护-双电源均流备份-支持RS232远程控制-支持设备温度、电源监视功能-支持32路DVI输入和61路DVI输出-支持用于预监的一路DVI输出端口-支持基于TCP/IP协议的网络远程控制-支持负载监测，能实时监测和显示输出通道是否连接有负载-支持输入信号监测，能实时监测和显示当前各输入通道是否有信号接入-可以通过任意输出口把后级设备的EDID参数复制到任意输入口，也可把任意输入口设置为默认的EDID参数,480p、576P、720P、1080i、1080P、1920*1200、1600*1229,24MHz ～ 254MHz,满足DVI1.29,DVI-D接口,480p、576P、720P、1080i、1080P、1920*1200、1600*1229,24MHz ～ 254MHz,满足DVI1.29,DVI-D接口,180～245V 79Hz,小于69W,面板/RS-232，网络/RJ-74,支持,支持,支持,支持,支持,支持
其他,长线驱动器,利国电子32系列混合矩阵 ，具有32 路进32路出和插卡式结构，每卡4路。超高稳定性。最低配置4 ×4 ；最高配置32 ×32 ，多种控制方式： 面板控制、 RS232 、网络/RJ-75 。,支持断电现场保护-双电源均流备份-支持RS232远程控制-支持设备温度、电源监视功能-支持32路DVI输入和62路DVI输出-支持用于预监的一路DVI输出端口-支持基于TCP/IP协议的网络远程控制-支持负载监测，能实时监测和显示输出通道是否连接有负载-支持输入信号监测，能实时监测和显示当前各输入通道是否有信号接入-可以通过任意输出口把后级设备的EDID参数复制到任意输入口，也可把任意输入口设置为默认的EDID参数,480p、576P、720P、1080i、1080P、1920*1200、1600*1230,24MHz ～ 255MHz,满足DVI1.30,DVI-D接口,480p、576P、720P、1080i、1080P、1920*1200、1600*1230,24MHz ～ 255MHz,满足DVI1.30,DVI-D接口,180～245V 80Hz,小于70W,面板/RS-232，网络/RJ-75,支持,支持,支持,支持,支持,支持
其他,多媒体接收盒,利国电子32系列混合矩阵 ，具有32 路进32路出和插卡式结构，每卡4路。超高稳定性。最低配置4 ×4 ；最高配置32 ×32 ，多种控制方式： 面板控制、 RS232 、网络/RJ-76 。,支持断电现场保护-双电源均流备份-支持RS232远程控制-支持设备温度、电源监视功能-支持32路DVI输入和63路DVI输出-支持用于预监的一路DVI输出端口-支持基于TCP/IP协议的网络远程控制-支持负载监测，能实时监测和显示输出通道是否连接有负载-支持输入信号监测，能实时监测和显示当前各输入通道是否有信号接入-可以通过任意输出口把后级设备的EDID参数复制到任意输入口，也可把任意输入口设置为默认的EDID参数,480p、576P、720P、1080i、1080P、1920*1200、1600*1231,24MHz ～ 256MHz,满足DVI1.31,DVI-D接口,480p、576P、720P、1080i、1080P、1920*1200、1600*1231,24MHz ～ 256MHz,满足DVI1.31,DVI-D接口,180～245V 81Hz,小于71W,面板/RS-232，网络/RJ-76,支持,支持,支持,支持,支持,支持
其他,LED处理器,利国电子32系列混合矩阵 ，具有32 路进32路出和插卡式结构，每卡4路。超高稳定性。最低配置4 ×4 ；最高配置32 ×32 ，多种控制方式： 面板控制、 RS232 、网络/RJ-77 。,支持断电现场保护-双电源均流备份-支持RS232远程控制-支持设备温度、电源监视功能-支持32路DVI输入和64路DVI输出-支持用于预监的一路DVI输出端口-支持基于TCP/IP协议的网络远程控制-支持负载监测，能实时监测和显示输出通道是否连接有负载-支持输入信号监测，能实时监测和显示当前各输入通道是否有信号接入-可以通过任意输出口把后级设备的EDID参数复制到任意输入口，也可把任意输入口设置为默认的EDID参数,480p、576P、720P、1080i、1080P、1920*1200、1600*1232,24MHz ～ 257MHz,满足DVI1.32,DVI-D接口,480p、576P、720P、1080i、1080P、1920*1200、1600*1232,24MHz ～ 257MHz,满足DVI1.32,DVI-D接口,180～245V 82Hz,小于72W,面板/RS-232，网络/RJ-77,支持,支持,支持,支持,支持,支持
